source,target
Abandon,Överge
A/B Testing,A/B-test
accessed,åtkomna
accesses,åtkomster
accessing,åtkommande
access rights,åtkomsträttigheter
Access Rights,Åtkomsträttigheter
access right,åtkomsträtt
Access Token,Åtkomst-token
Access warning,Åtkomstvarning
account balance,kontobalans
account balancing,kontobalansering
Account Cash Rounding,Avrundningskonto
account chart,kontoplan
account closing,kontostängning
account entry,bokföringspost
account holder,kontoinnehavare
Accounting Periods,Räkenskapsperioder
Accounting Reports,Bokföringsrapporter
accounting settings,bokföringsinställningar
account,konto
account management,kontohantering
Account mapping,Kartläggning av konton
account move line,bokföringsrad
account move,verifikat
account number,kontonummer
Account Opening,Öppnande av konto
Account Payable,Leverantörsskuld
account receivable,kundfordringar
Account Receivable,Kundfordringar
accounts' balances,kontobalanser
accounts,konton
Accrual Basis,Faktureringsmetoden
accrual entry,periodiseringspost
accrual,periodisering
accrual plan,periodiseringsplan
accruals,periodiseringar
accrual time off,periodisering av ledighet
Accrued Expense,Upplupen kostnad
accural entry,periodiseringspost
acquisition,anskaffning
Action Needed,Åtgärd krävs
Actions,Åtgärder
Action,Åtgärd
Active,aktiv
active subscription,pågående prenumeration
Activities,Aktiviteter
Activity,Aktivitet
Activity Log,Aktivitetslogg
Activity Logs,Aktivitetsloggar
Activity State,Aktivitetsstatus
Activity Type Icon,Ikon för aktivitetstyp
actual replenishment,faktisk påfyllning
Acсounting Report,Bokföringsrapport
Add an item,Lägg till ett objekt
Add field,Lägg till fält
add-ons,tillägg
addons,tillägg
addon,tillägg
adds,lägger till
adjusting entry,justeringspost
Adjustments,Justeringar
Administrator,Administratör
advance,förskott
Advisor,Rådgivare
affect base,påverka bas
Aged Payable,Förfallna leverantörsskulder
Aged Receivable,Förfallna kundfordringar
aged receivable report,rapport för förfallna fordringar
Aged Reports,Förfallna rapporter
agent,agent
agents,agenter
agreement,avtal
agreements,avtal
alarm,larm
alias,alias
allocation request,tilldelningsbegäran
Allocation,Tilldela
Allocation,Tilldelning
a lot,Ett parti
amount,belopp
amount currency,belopp i valuta
analysis period,analysperiod
analytic account,Objektkonto
analytic accounts,objektkonton
analytic distributions,objektfördelningar
analytic item,Objekt
analytic item,objektpost
analytic items,objekt
analytic items,objektposter
analytic,objekt
analytic tag,objektetikett
an exception occured,ett undantag inträffade
animations,animationer
annual closing,årsbokslut
Annual,Årlig
API,API
API key,API-nyckel
applicants,sökande
applicant,sökande
Appointment,Tidsbokning
appointments,bokningar
appraisals,utvärderingar
appraisal,utvärdering
approbe,godkänna
approval,godkännande
approvals,godkännanden
approved,godkänd
approve,godkänna
approves,godkänner
approving,godkänner
App Store,App Store
archive,arkiv
Archive,Arkiv
Archived,Arkiverad
archives,arkiv
archiving,arkivering
arch,valv
Article,Artikel
article item,artikelpost
Ask Location,Fråga om plats
a slide,en bild
Assets management,Hantering av tillgångar
assets,tillgångar
Assets,Tillgångar
asset,tillgång
Assigned Opportunities,Tilldelade möjligheter
assigned partner,tilldelad kontakt
assigned,tilldelad
assignees,uppdragstagare
assignee,uppdragstagare
assigning,tilldelar
Assignment,Tilldelning
assigns,tilldelar
assign,tilldela
Assign,Tilldela
At least,Åtminstone
Attach,Bifoga
attachment,bilaga
Attachment Count,Antal bilagor
Attachments,Bilagor
attribute,attribut
attributes,attribut
Author,Författare
Autocomplete,Automatisk ifyllning
automate,automatisera
automated,automatiserad
automates,automatiserar
automatic,automatisk
automating,automatiserar
Availability,Tillgänglighet
Available,Tillgänglig
Avatar,Avatar
average daily wage,genomsnittlig daglön
average debtors days,genomsnittliga gäldenärsdagar
backend,backend
background image,bakgrundsbild
Badge (gamification),Bricka (spelifiering)
badge,märke
Badges,Brickor
bakery,bageri
Bakery,Bageri
balance,balans
Balance,Balans
Balance Sheet,Balansräkning
bank account,bankkonto
bank accounts,bankkonton
Bank Feeds,Bankkopplingar
Bank Journal,Bankjournal
bank reconciliation,bankavstämning
bank statement,bankutdrag
bank statements,bankutdrag
Banner,Banner
barcode lookup,streckkodssökning
Barcode Lookup,Streckkodssökning
barcodes,streckkoder
barcode,streckkod
Barcode,Streckkod
base on,baserad på
Base View,Basvy
Batch,Batch
Batch booking,Batchbokning
batch deposit,partiinbetalning
Batch Picking,Batchplockning
batch transfer,partiöverföring
Beginner,Nybörjare
benefit in kind,naturaförmån
benefits in kind,naturaförmåner
Best before Date,Bäst-före-datum
bid,anbud
bill,faktura
Bill,Faktura
billing,fakturering
Bill of Material,Materialförteckning
bill of materials,materialförteckning
bills,fakturor
biography,biografi
bitrate,bithastighet
Blacklist,Svartlista
Block,Block
blocking,blockering
blog,blogg
Blog,Blogg
blog entries,blogginlägg
Blog Entry,Blogginlägg
blog post,blogginlägg
Blog post,Blogginlägg
blog posts,blogginlägg
blogs,bloggar
BoM,Materialförteckning
BOM,Materialförteckning
booth,monter
Booth,Monter
booths,montrar
Booths,Montrar
Bootstrap,Bootstrap
bot,bot
bots,botar
bots,bots
Bounce,Studsa
box,låda
breadcrumb,smultronstig
breadcrumbs,smultronstigar
bridge,bro
bridge module,Klistermodul
brokerage fee,mäklararvode
Budget,Budget
Building block,Byggmoduler
Business intelligence,Affärsanalyser
button,knapp
buy,köp
by-product,biprodukt
Byproduct,Biprodukt
by task,efter uppgift
Cabinet with Doors,Skåp med dörrar
calendar,kalender
calendars,kalendrar
calendar view,kalendervy
call,samtal
call to action,uppmaning till handling
campaigns,kampanjer
cancel,avbryt
Cancel,Avbryt
canceled,avbruten
canceling,avbrytande
cancelled,avbruten
Cancelled,Avbruten
cancelling,avbrytande
cancels,avbryter
candidate,kandidat
candidates,kandidater
Capacity,Kapacitet
caption,undertext
carrier,speditör
Carrier,Leverantör
carts,varukorgar
cart,varukorg
Cash based,Kontantbaserad
cash basis,kontantprincip
Cash Basis,Kontantmetoden
cash basis (tax),kontantprincip (skatt)
cash basis transition account,övergångskonto för kontantprincip
cash concentration,kontantkoncentration
cash entries,kontantposter
cash equivalents,kontanta tillgångar
Cash Flow Statement,Kassaflödesanalys
cashier,kassör
cash journal,kontantjournal
Cash,Kontant
cash,kontanter
cash management,kontanthantering
cash on delivery,postförskott
Cash Pooling,Gemensam förvaltning av likvida medel
cash register,kassaapparat
Cash register,Kassaregister
Cash Register,Kassaapparat
cash rounding,kontantavrundning
cash statement,kontantrapport
cash transaction,kontanttransaktion
catchall,allt inklusive
categories,kategorier
category,kategori
CEO,VD
CFO,Finanschef
challenge,utmaning
Challenge,Utmaning
characters,tecken
Chart of accounts,Kontoplan
chatbot,chattbot
chatbots,chattbotar
Chat,Chatt
Chatter,Händelseflöde
chatter,chattare
chatters,chattare
Checkbox,Kryssruta
Check,Kryssa för
checked,ikryssad
Check In,Checka in
check layout,tjejlayout
Check Out,Checka ut
checkout page,utcheckningssida
child activities,barnaktiviteter
child activity,barnaktivitet
children,barn
City,Stad
Claim,Anspråk
clicked,klickad
clicking,klickar
click,klick
clicks,klick
clipboard,urklipp
Close Date,Slutdatum
closing balance,slutbalans
closing entry,slutpost
closing,stängning
Cohort,Kohort
color button,knappfärg
color,färg
color palette,färgpalett
color palettes,färgpaletter
colors,färger
colors palette,färgpalett
colour,färg
colours,färger
Combined Ratio,Kombinerat nyckeltal
command,kommando
Comment,Kommentar
commissions,provisioner
Communication,Kommunikation
Company,Företag
Company Properties,Företagets fastigheter
component,komponent
Compress,Komprimera
Computed Balance,Beräknad balans
config,konfiguration
Config Settings,Inställningar
configuration,konfiguration
Configuration,Konfiguration
configuration panel,konfigurationspanel
configurations,konfigurationer
Configurator,Konfigurator
configured,konfigurerad
Configure,Konfigurera
configures,konfigurerar
configuring,konfigurerar
confirmation,bekräftelse
Confirmation,Bekräftelse
confirm,bekräfta
Confirm,Bekräfta
confirmed,bekräftad
confirming,bekräftar
confirms,bekräftar
connect,anslut
connected,ansluten
connecting,ansluter
connection,anslutning
connections,anslutningar
connectivity,anslutning
connector,anslutning
connectors,anslutningar
connects,ansluter
cons,brister
consolidation chart,konsolideringsdiagram
consolidation,konsolidering
Consolidation,Konsolidering
constraint,begränsning
Consumable,Förbrukningsvara
consumer loan,konsumentlån
consumer loans,konsumentlån
contact form,kontaktformulär
contact,kontakt
contacts directory,kontaktlista
contacts,kontakter
Contact Us,Kontakta oss
container,container
Content,Innehåll
context,sammanhang
Contract,Kontrakt
Contracts,Kontrakt
contribution,bidrag
contribution register,bidragsregister
Controlled Disbursement,Kontrollerad utbetalning
Controll,Kontroll
Control Point,Kontrollpunkt
conversation,samtal
Conversations,Konversationer
conversations,samtal
conversion rate,konverteringsfrekvens
Corporate Action,Bolagsåtgärder
Corrective Actions,Korrigerande åtgärder
corrective maintenance,korrigerande underhåll
correct,rätt
Cost Currency,Kostnadsvaluta
costing,kostnadskalkyl
costing method,kostnadskalkylmetod
cost of goods sold,varukostnad
Costs,Kostnader
Count,Antal
Counterpart,Motpart
Counter,Räknare
counter transaction,räknartransaktion
counter transactions,räknartransaktioner
counting,räkning
count,räkna
coupon,kupong
Coupon,Kupong
coupon program,kupongprogram
coupons,rabattkuponger
Course,Kurs
Cover,Omslag
Create date,Registreringsdatum
Created by,Skapad av
created on,skapad den
Created on,Skapad den
Create,Skapa
Credentials,Legitimationshandlingar
credit account,kreditkonto
Credit Adjustment,Kreditjustering
Credit adjustments,Kreditjusteringar
credit amount,kreditbelopp
Credit Card,Kreditkort
credit cards,kreditkort
credit limit,kreditgräns
credit move,kredittransaktion
credit note,kreditnota
Credit Note,Kreditfaktura
creditor,kreditor
credit transfer,kreditöverföring
Credit transfers,Kreditöverföringar
credit transfers,kreditöverföringar
CRM,CRM
cron,cron
Cross-dock,Direktleverans
crossed cheque,genomstruken check
CTO,Teknisk chef
cuenta,konto
Cumulative,Kumulativ
currencies,valutor
currency rates,valutakurser
currency rate,valutakurs
currency,valuta
Current Assets,Omsättningstillgångar
Current Liabilities,Kortfristiga skulder
current time,aktuell tid
customer account statement,kundkontoutdrag
customer display,kunddisplay
customer displays,kunddisplay
Customer,Kund
customer lead time,Kundledtid
Customer lead time,Kundens ledtid
Customer Lead Time,Kundledtid
Customer Portal,Kundportal
Customer Portal URL,Kundportalens URL
Customer signature,Kundsignatur
customer statement,kundutdrag
Customer Statements,Kundutlåtanden
Customer Taxes,Skatt knuten till kunder
Customer to Reinvoice,Kund att fakturera om
customizations,Anpassningar
customize,anpassa
customized,anpassad
customizes,anpassar
customizing,anpassar
cut-off,avstängning
dashboard,anslagstavla
Dashboards,Anslagstavlor
database,databas
databases,databaser
data cleaning,datastädning
Data,Data
Date,Datum
date picker,datepicker
datepicker,datepicker
date pickers,datepickers
datepickers,datepickers
Date (UTC),Datum (UTC)
deadline,sluttid
debit account,debiteringskonto
debit amount,debiteringsbelopp
debit Card,debiteringskort
debit,debitering
Debit Method,Debiteringsmetod
debit move,debiteringstransaktion
debit note,debiteringsnota
debit notes,debiteringsnotor
debtor,gäldenär
debts,skulder
debug,felsökning
debugging,felsökning
debug mode,felsökningsläge
Declaration,Deklaration
declining factor,minskande faktor
Decoration,Dekoration
dedicated server,dedikerad server
Deduction,Avdrag
de-duplicated,deduplicerad
deduplicated,deduplicerad
de-duplicate,deduplicera
deduplicate,deduplicera
de-duplicates,deduplicerar
deduplicates,deduplicerar
de-duplicating,deduplicerar
deduplicating,deduplicerar
de-duplication,deduplikering
deduplication,deduplikering
de-duplications,deduplikeringar
deduplications,deduplikeringar
Default partner,Standardpartner
default,standard
Default,Standard
Default Value,Standardvärde
deferred expense,uppskjuten kostnad
Deferred,Uppskjuten
Delegate,Delegera
Delete field,Radera fält
Delete,Radera
delivered,levererad
deliveries,leveranser
delivering,levererar
deliver,leverera
delivers,levererar
delivery charges,leveranskostnader
delivery,leverans
delivery method,leveransmetod
delivery note,leveranssedel
Delivery Slip,Följesedel
demo,demonstration
Department,Avdelning
dependencies,beroenden
deposits,insättningar
Deposit Ticket,Depositionskvitto
deprecate,avskrivning
depreciable value,avskrivningsbar värde
depreciate,avskriva
depreciated,avskriven
depreciates,avskriver
depreciating,avskrivning
depreciation,avskrivning
Depreciation,Avskrivningar
description,beskrivning
Destination Journal,Destinationsjournal
destination location,destinationsplats
destination location,destinationsplats
destination locations,destinationsplatser
destination locations,destinationsplatser
detail,detalj
details,detaljer
Details,Detaljer
detected,upptäckt
detecting,upptäcker
detects,upptäcker
devices,enheter
diagram,diagram
Digest,Sammanställning
digest,sammanfattning
Digital,Digital
direct debit,autogiro
disable,inaktivera
Disallowed Expenses,Icke-tillåtna utgifter
Discard,Kassera
discarded,förkastad
discard,förkasta
discarding,förkastar
discards,förkastar
disconnected,frånkopplad
disconnecting,kopplar bort
disconnect,koppla bort
disconnects,kopplar bort
discount,rabatt
discounts,rabatter
Discuss,Diskutera
Discussion,Diskussion
displaying,visar
Display Name,Visningsnamn
displays,visningar
disposal,avsäger sig
distributor,distributör
Documentation,Dokumentation
Document Information,Dokumentinformation
Documents to be Signed,Dokument som ska signeras
domain,domän
Domain,Domän
Domestic Credit Transfer,Nationell kreditöverföring
Done,Klar
downloads,nedladdningar
Down payment,Handpenning
downvote,nedsättande röst
Draft invoice,Fakturautkast
draft invoices,utkast fakturor
draft status,utkast status
drafts,utkast
draft,utkast
Draft,Utkast
drag & drop,dra och släpp
drop-down menu,rullgardinsmeny
dropdown menu,rullgardinsmeny
drop-down menus,rullgardinsmenyer
dropdown menus,rullgardinsmenyer
drop-down,rullgardinsmeny
dropdown,rullgardinsmeny
drop-downs,rullgardinsmenyer
dropdowns,rullgardinsmenyer
drop ship,direktleverans
dropship,direktleverans
drop shipping,direktleverans
Dropshipping,Direktleveranser
Dry Run,Testkörning
due date,förfallodatum
duplicated,kopierad
duplicate,dubbla
duplicates,duplikat
duplicating,kopierar
dynamic,dynamisk
earning,intjäning
e-Commerce,e-handel
ECO,Konstruktionsändringsorder
EDI,EDI
edited,redigerad
Edit field,Redigera fält
edit mode,redigeringsläge
edits,redigerar
Effective,Effektiv
effects,effekter
Efficiency,Effektivitet
e.g.,t.ex.
eLearning,Utbildning (online)
element,element
email address,e-postadress
email addresses,e-postadresser
Email,E-post
emails,e-postmeddelanden
email server,e-postserver
employee,anställd
Employee,Anställd
Employees,Anställda
employees only,endast anställda
employer,arbetsgivare
employers,arbetsgivare
employment,anställning
Empty,Tom
ending,slut
enjoy,ta del av
enrolled,inskriven
Enterprise digest data,Sammanfattning företagsdata
enthusiastic,entusiastisk
entries,poster
entry,post
Entry,Post
EPC,EPC
Equipment Category,Utrustningskategori
equipment,utrustning
equity,eget kapital
Equity,Eget kapital
ERP,Affärsplanering
error,fel
Error,Fel
error message,felkod
errors,fel
ESG,ESG
etc.,o.s.v. (och så vidare)
event,evenemang
events,evenemang
example,exempel
examples,exempel
Exceptions,Undantag
exception,undantag
exchange differences,Valutakursdifferenser
exchange difference,Valutakursdifferens
Exchange rate,Valutakurs
excise,accis
excises,acciser
Exclusive,Exklusiv
execute,utför
executive summaries,verkställande sammanfattningar
executive summary,verkställande sammanfattning
Exempt,Befriad
exist,existera
Expected,Förväntad
expection,förväntan
expense account,kostnadskonto
Expense Account,Utgiftskonto
Expense,Utgift
Expenses,Utgifter
expire,upphöra
exported,exporterad
export,export
exporting,exporterar
exports,exporterar
expressions,uttryck
expression,uttryck
Expression,Uttryck
favicon,favicon
favorited,markerad som favorit
favorite,favorit
favorites,favoriter
fees,avgifter
field,fält
Field,Fält
field service,fältservice
field services,fältservice
fields,fält
Fields,Fält
Field Type,Fälttyp
file,fil
filename,filnamn
Filename,Filnamn
filenames,filnamn
files,filer
filter,filtrera
filters,filter
financial account,finansiellt konto
Financial,Finansiell
financial transaction,finansiell transaktion
Fiscal Country,Beskattningsland
Fiscal Localization,Skattelokalisering
fiscal period,skatteperiod
fiscal position,skattepositioner
fiscal positions,skattepositioner
fiscal stamp,skattstämpel
Fiscal Statement,Skattedeklaration
fiscal year,bokföringsår
Fiscal year,Räkenskapsår
Fiscal Year,Bokföringsår
Fiscal Year,Räkenskapsår
fixed term deposit,tidsbunden insättning
flagged,flagga
fleet,flotta
fleets,flottor
flow,flöde
folded,vikt
folder,mapp
folders,mappar
folding,vikning
fold,vika
follower,följare
Follower,Följare
followers,följare
Followers (Partners),Följare (partners)
follow,följa
follow up,följa upp
Follow-up,Uppföljning
follow-up,uppföljning
fonts,typsnitt
Font,Typsnitt
footer,sidfot
footers,sidfötter
forecast,prognos
Forecast,Prognos
forecasts,prognoser
foreign currencies,utländska valutor
foreign currency,utländsk valuta
format,format
formats,format
Formatting,Formatering
Form builder,Formulärbyggare
form,formulär
formulae,formler
formula,formel
formulas,formler
form view,formvy
form views,formvyer
Forum post,Foruminlägg
forwarded,vidarebefordrad
found,hittad
Free Stock in Transit,Gratis lager i transit
Frontdesk,Reception
frontend,frontend
Fully Signed,Påskriven
Future Activities,Framtida aktiviteter
Gamification,Spelifiering
Gantt chart,Ganttschema
Gantt,Gantt
gap,glapp
General,Allmän
General Information,Allmän information
general ledger,huvudbok
General Ledger,Huvudbok
General Settings,Allmänna inställningar
Generate a signature request,Skapa en signaturförfrågan
Generate,Skapa
Generate & sign,Skapa och signera
geolocation,geolokalisering
Geolocation,Geolokalisering
gift card,presentkort
global filter,globalt filter
goal,mål
Goal,Mål
goals,mål
Goods,Varor
go to,gå till
goto,gå till
grid,grid
gross increase,bruttoökning
gross profit,bruttoresultat
Group by,Gruppera efter
group chat,gruppchatt
group,grupp
guest,gäst
hand on,rätt på
hard lock,hård låsning
hashed,hashad
hash,hash
Has Message,Har meddelande
header,huvud
headers,huvuden
heading,rubrik
Heading,Rubrik
headings,rubriker
Headline,Rubrik
height,höjd
Height,Höjd
Hello,Hej
helper,assistent
Help,Hjälp
hidden,dold
hid,dold
hide,dölj
hides,döljer
hiding,döljande
hierarchy,hierarki
history,historik
Holiday Management,Semesterhantering
holidays,semester
home pages,startplatser
homepages,startplatser
home page,startplats
homepage,startplats
Hostname,Värdnamn
hour,timme
HR,HR
HS code,HS-kod
HTML editor,HTML-redigerare
icon,ikon
Icon,Ikon
icons,ikoner
identifier,identifierare
ID,ID
implementation guide,implementationsguide
implied,underförstådd
imported,importerad
import,Importera
Import,Importera
importing,importerar
imports,importer
inalterability,oföränderlighet
included in price,inkluderat i pris
income account,intäktskonto
income,Intäkt
incoming,inkommande
incorrect,fel
Incoterm,Incoterm
incoterms,incoterms
Incoterms,Incotermer
Indirect Demand,Indirekt efterfrågan
Individual,Individuell
In order to,För att
in progress,pågående
In Progress,Pågående
input location,inmatningsplats
Insert,Infoga
insight,inblick
installed,installerad
installing,installerar
installs,installerar
install the,installera
insulting,förolämpande
integer,heltal
intercompany,internkoncern
internal note,intern notering
Internal Reference,Intern referens
Internet,Internet
interview,intervju
intra community,intra community
intra-community,intra-community
intracommunity,intrakommunal
Intrastat Declaration,Intrastat-deklaration
Intrastat,Intrastat
invalid,ogiltig
inventories,lagersaldon
Inventory adjustment,Lagerjustering
inventory adjustments,lagerjusteringar
Inventory Control,Lagerkontroll
inventory count,inventering
inventory count sheet,lagerinventeringslista
Inventory,Lager
inventory location,lagerplats
inventory move,lagerflyttning
inventory operations,lageroperationer
Inventory Value,Lagervärde
inventory variation,lageravvikelse
Invoice Address,Fakturaadress
Invoice Line,Fakturarad
invoice policy,faktureringspolicy
Invoice(s),Fakturor
Invoices,Fakturor
Invoicing,Fakturering
Invoicing Period,Faktureringsperiod
IoT Box,IoT-box
IoT,IoT
IP address,IP-adress
ir.ui.view,ir.ui.vy
Is Empty,Är tom
Issue,Ärende
Item,Objekt
job applications,jobbansökningar
job board,jobbtavla
job boards,jobbtavlor
Job,Jobb
jobs board,jobbtavla
jobs boards,jobbtavlor
job title,jobbtitel
Job Title,Jobbtitel
job titles,jobbtitlar
join,gå med
Journal entries,Journalposter
journal entry,verifikat
Journal Item,Journalobjekt
journal items,journalposter
Journal item,Journalobjekt
journal,journal
Journal,Journal
journal's,Journalens
journals,journaler
kanban,kanban
kanban view,kanbanvy
kanban views,kanbanvyer
karma,karma
keep empty,lämna tomt
kernel,kärna
keyboard shortcuts,tangentbordsgenvägar
keyboard shortcut,tangentbordsgenväg
keywords,nyckelord
kitchen display,köksdisplay
kitchen displays,köksdisplayer
kitchen,kök
km,km
Knowledge,Kunskap
KPI,KPI
label,etikett
labels,etiketter
landed costs,landade kostnader
Landed costs,Landade kostnader
landing page,landningssida
lang,språk
Last Modification Date,Senast ändrad den
Last Modification User,Senast ändrad av
Last Updated by,Senast uppdaterad av
Last Updated on,Senast uppdaterad den
Late Activities,Sena aktiviteter
Late Availability,Sen tillgänglighet
Latitude,Latitud
layout,layout
Lead Enrichment,Berikning av leads
Lead,Lead
lead time,ledtid
lead times,ledtider
leaf category,löv kategori
Learn more,Läs mer
Leave empty,Lämna tomt
leave,ledighet
leaves,blad
Leaves,Ledighet
ledger,huvudbok
length,längd
Letter Of Credit,Kreditbrev
Liabilities,Skulder
liability,skuld
Lines,Rader
linked,länkad
link,länk
links,länkar
link tracker,länkspårare
Liquidity,Likviditet
lists,listor
list view,listvy
list views,listvyer
Litigation,Rättstvister
live chat,livechatt
Live Chat,Livechatt
live chats,livechattar
localisation,lokalisering
localisations,lokaliseringar
Localization,Lokalisering
localizations,lokaliseringar
Location,Plats
Logging,Loggning
login,inloggning
log,logg
logo,logotyp
Logo,Logga
logos,logotyper
Longitude,Longitud
look,titta
lost reason,förtappad orsak
lost reasons,förtappade orsaker
lot,parti
Lot,Parti
Lots,Partier
lots & serial numbers,partier & serienummer
Loyalty,Lojalitet
Mailing list,E-postlista
mailings,utskick
mailing,utskick
mailling,postutskick
mail,post
Main actions,Huvudåtgärder
maintenance request,underhållsförfrågan
maintenance,underhåll
Make to Order,Beställningsstyrt
Make to Order,På beställning
management fees,förvaltningsavgifter
manager,chef
Manager,Chef
managers,chefer
Manufacture,Tillverka
Manufacturing Lead Time,Tillverkningsledtid
manufacturing operation,tillverkningsoperation
Manufacturing Order,Tillverkningsorder
Manufacturing,Tillverkning
many2many,många till många
Many2Many,Många till många
many2one,många till en
Many2One,Många till en
mapped,mappad
mapping,mappning
margin,marginal
Marketing Automation,Marknadsföringsautomatisering
Marketing Card,Marknadsföringskort
marketing,marknadsföring
mass mail,massutskick
master page,huvudsida
Master Production Schedule,huvudproduktionsplan
Master Production Schedule,Övergripande produktionsschema
master record,huvudpost
matching,matchning
Maximum to Replenish,Maksimum att fylla på
Maximum to Replenish,Maximum att fylla på
media,media
meeting,Möte
Members Only,Endast medlemmar
Memo,Memo
memorized,lärt sig
memory,minne
Menu Entry,Menyval
Merchandise,Varor
Merge,Sammanslå
message,Meddelande
messages,Meddelanden
Messages,Meddelanden
meta,meta
method,metod
might,kanske
milestone,milstolpe
milestones,milstolpar
minimum,minimal
minus,minskning
misc,diverse
miscellaneous,diverse
mix-in,mix-in
mixin,mixin
mix-ins,mix-ins
mixins,mixins
mm,mm
mobile device,mobil enhet
mobile devices,mobila enheter
mobile,mobil
Model,Modell
Model name,Modellnamn
models,modeller
mode,läge
moderate,moderat
moderation,moderering
modes,lägen
modified,modifierad
module,modul
MO,MO
Monthly Recurring Revenue,Månatlig återkommande intäkt
move,flytta
Move,Flytta
move line,transaktionsrad
MPS,Övergripande produktionsschema
MRP,MRP
MRR,MRR
MTO,MTO
multi-factor,multifaktors-
Multiple Quantity,Flera kvantiteter
My Activity Deadline,Min aktivitetsdeadline
My Documents,Mina dokument
My Requests,Mina förfrågningar
Name,Namn
navigated,navigerad
navigate,navigera
navigates,navigerar
navigating,navigerar
navigation,navigation
nav,navigation
Negotiation,Förhandling
net profit,nettoresultat
neutralize,neutralisera
New document to sign,Nytt dokument att signera
New Statment,Nytt utdrag
next activities,nästa aktiviteter
Next Activity Calendar Event,Kommande kalenderbokningar
Next Activity Deadline,Nästa aktivitetsdeadline
Next Activity Summary,Nästa aktivitetssammanfattning
Next Activity Type,Nästa aktivitetstyp
Next Item,Nästa objekt
next,näst
Non-current Assets,Långfristiga tillgångar
Non-current Liabilities,Långfristiga skulder
No requests to sign.,Inga förfrågningar att signera.
Not available,Inte tillgänglig
Note,anteckning
Note,Anteckning
notice deposits,depositionsmeddelanden
Number of Actions,Antal åtgärder
Number of errors,Antal fel
Number of messages requiring action,Antal meddelanden som kräver åtgärd
Number of messages with delivery error,Antal meddelanden med leveransfel
object.name,objektnamn
Object,Objekt
odometers,vägmätare
odometer,vägmätare
OEE,OEE
OEE (Overall Equipment Effectiveness),OEE (total utrustningseffektivitet)
of course,givetvis
Off-Balance,Ur balans
Offensive,Stötande/Frånstötande
office,kontor
Off Today,Ledig idag
on demand,på begäran
one2many,en till många
One2Many,en till många
One Stop Shop,One Stop Shop
On Hand Quantity,Nuvarande på lager
online help,online hjälp
Open Balance,Öppen balans
opening balance,öppningsbalans
Opening Balance,Öppningsbalans
opening entry,öppningspost
opening,öppning
openning_balance,öppningsbalans
open status,öppen status
Operating Expenses,Rörelsekostnader
Operating income,Rörelseresultat
operation,operation
operation type,operationstyp
Operator,Operatör
Opportunities,Möjligheter
Opportunity,Möjlighet
optional module,valfri modul
Order Lines,Orderrader
Orderpoint,Beställningspunkt
oum,enhet
outgoing,utgående
out of date,föråldrad
output location,utmatningsplats
outstanding debit,obetalda debiteringar
Outstanding Receipt,Utestående fordran
outstanding,utestående
Overall Equipment Effectiveness,Total utrustningseffektivitet
Overdue,Förfallen
Overdue invoice,Förfallen faktura
Overpassed,Överskriden
overview,översikt
Overview,Översikt
owner,ägare
Package,Emballage
Package Type,Emballagetyp
packaging,förpackning
Packaging,Förpackning
pack,packa
Pad,Ram
Page,Sida
pagination,paginering
Paid' status,Status 'betald'
pain points,smärtpunkt
pain,smärta
panel,panel
panels,paneler
Parent Company,Modersbolag
parent container,överordnad behållare
Partial Capture,Delslutning
partial capture,delvis fångst
Partial Payment,Delbetalning
partial reconciliation,delvis avstämning
Partner Autocomplete,Partner automatisk ifyllning
partner,partner
Partner,Partner
Partner Selection Policy,Partnerurvalspolicy
partners,partners
passphrase,lösenfras
passphrases,lösenfraser
password,lösenord
Password,Lösenord
passwords,lösenord
Path,Sökväg
payable account,leverantörskonto
Payable,Skulder
Payment Acquirer,Betalningsförmedlare/Betalningsleverantör
payment,betalning
Payment,Betalning
Payment Matching,Betalningsmatchning
payment provider,betalningsleverantör
payment providers,betalningsleverantörer
Payment Receipt,Betalningskvitto
Payment record number,Betalningsregistreringsnummer
payments,Betalningar
Payroll,Lönekontor
pay run,lönekörning
pay run,löneutbetalning
pay runs,lönekörningar
pay runs,löneutbetalningar
payslip,lönebesked
payslips,lönebesked
pending,pågående
Pending,Pågående
percentage,procentandel
performance losses,prestandaförluster
performance loss,prestandaförlust
periods,perioder
perpetual,ständig
phone,telefon
photo by,foto av
photo,foto
Picking,Plockning
Pickings,Plockningar
picking type,plocktyp
picking wave,plockvåg
picture,bild
Pie chart,Cirkeldiagram
pills,tabletter
pill,tablett
pinned,nålad
pinning,nålar
pin,nål
PIN,NÅL
pins,nålar
PINT,PINT
pipeline,kanal
pivot,Pivot
pivots,Pivoter
pivot table,pivottabell
pivot view,pivotvy
pivot views,pivotvyer
Placeholder,Platshållare
Plaid,Plaid
Planner,Planerare
Planning,Planering
plataform,plattform
Please Review And Act On This Document,Vänligen granska och agera på detta dokument
PLM,PLM
plus,plus
PO,Inköpsorder
point of sale,försäljningsställe
Point of Sale,Försäljningsställe
Policy Claims,Försäkringsanspråk
Policy,Policy
populate,befolka
popup,popup
Portal Access URL,Portalens åtkomst-URL
Portal,Portal
Position X,Position X
Position Y,Position Y
POS,POS
Postal Provider,Postleverantör
poster,affisch
postgresql,postgresql
post,post
Post,Post
posts,inlägg
powered by,drivs av
predefined,fördefinierad
Preferences,Inställningar
Preferred route,Föredragen rutt
prefix,prefix
preparation display,beredningsdisplay
preparation displays,beredningsdisplayer
Prepayments,Förskottsbetalningar
pre-printed,förtryckt
presentations,presentationer
Preventive Maintenance,Förebyggande underhåll
preview,Förhandsgranskning
price list,prislista
pricelist,prislista
price lists,prislistor
pricelists,prislistor
Prikaži organizacijsku šemu,visa organisationsschema
Print provider,Utskriftsleverantör
prints,utskrifter
privacy terms,sekretessvillkor
private key,privat nyckel
processed,behandlad
Processed,Behandlad
Procurement exception,Undantag från införskaffning
Procurement,Införskaffning
Procurement Rule,Införskaffningsregel
Produced Qty,Producerad mängd
Product availability,Produkt tillgänglighet
Product Categories,Produktkategorier
Product Identifier,Produktidentifierare
Product inventory,Produktlager
Production,Produktion
production schedule,produktionsschema
Productivity Losses,Produktionsförluster
Productivity loss,Produktionsförlust
product move,produktflytt
product,produkt
Product,Produkt
products,produkter
Products To Process,Produkter att behandla
produto,produkt
Produto,Produkt
profiling,profilering
profit and loss account,resultaträkning
profit margin,vinstmarginal
profit,vinst
PRO-FORMA Invoice,Proforma faktura
program,program
project manager,projektledare
project,projekt
projects,projekt
promoted,rekomenderad
Promote,Främja
promotion,promotion
Pronóstico,Prognos
propagate,sprida
propagation,spridning
properties,egendomar
property,egendom
pros,fördelar
Provider,Leverantör
public holiday,helgdag
public holidays,helgdagar
Public,Offentlig
publish,publisera
pull,dra
Purchase,Inköp
Purchase Receipt,Inköpskvitto
Purchase Requisition,Inköpsrekvisition
purchasing,inköp
push notification,pushanmälan
putaway,lagerläggning
Putaway,Lagring
Python code,Python-kod
Q&A,Frågor & Svar
qty,Antal
Qty,Antal
Qty Produced,Mängd producerad
quality check,kvalitetskontroll
Quality Control,Kvalitetskontroll
Quality Control Point,Kvalitetskontrollpunkt
Quantify,Kvantifiera
quantities,Antal
quantity,Antal
quant,Kvantitet
quants,Kvantiteter
Question,Fråga
Question's Answer,Frågor & Svar
queue,kö
queue manager,Köhanterare
queues,köer
quotation,offert
Quotation,Offert
Quote,Offert
qweb field,qweb-fält
Rack,Rack
radio button,alternativknapp
Range,Intervall
rank,rankning
Rates,Priser
rating,betyg
Rating,Betyg
ratio,kvot
Raw material,Råmaterial
Real cost,Verklig kostnad
Real Estate,fastigheter
Real,Verklig
receipt,kvitto
Receipts,Kvitton
receivable account,fordringskonto
receivable,fordran
Receivable,Fordran
Receivables,Kortfristiga fordringar
Recepient,Mottagare
Recipients,Mottagare
Recognition,Erkännande
reconcile,avstämma
reconciled,avstämd
reconciliation,avstämning
record,post
records,punkter
recruitment,rekrytering
recuperation,återhämtning
Recurring,återkommande
Recurring,Återkommande
Recycle,återvinna
redirected,omdirigerad
redirecting,omdirigerar
redirect,omdirigera
redirects,omdirigerar
reference,referens
References,Referenser
Referral,Remiss
ref,referens
refreshed,uppdaterad
refreshes,uppdateringar
refreshing,uppdaterar
refresh,uppdatera
refund,återbetalning
Refund,Återbetalning
regex,regex
register,register
Registration desk,Registreringsdisk
regular expression,reguljärt uttryck
regular expressions,reguljära uttryck
reimbursed,ersatt
reimburse,ersätta
reimbursements,Återbetalningar
reimbursement,Återbetalning
reimburses,ersätter
reimbursing,ersätter
reinvoice,omboka
re-invoice,ombokning
reject,Avvisa
Related,Relaterad
reloaded,omladdad
reloading,laddar om
reload,ladda om
reloads,laddar om
Remark,Anmärkning
reminder,påminnelse
remind,påminn
removed,borttagen
removes,tar bort
remove,ta bort
removing,tar bort
rename,byt namn
rental,uthyrning
renter,hyresgäst
Renter,Hyresgäst
Reordering,Ombeställning
Reordering Rule,Ombeställningsregel
repaired,reparerad
repairing,reparerar
repair,reparation
repair,reparera
repairs,reparationer
replacing,ersätter
replenished,påfylld
replenishes,påfyllningar
Replenish,Fyll på
replenishing,påfyller
replenishment,påfyllning
Replenishment,Påfyllning
replenishments,påfyllningar
Replenish on Order,Fyll på vid beställning
replenish,påfyllning
Reply-To,Svara till
Report File,Rapportfil
report,rapport
reports,rapporter
Reports,Rapporter
Request cannot be signed,Förfrågan kan inte signeras
Request Count,Antal förfrågningar
Request,Förfrågan
Requests,Förfrågningar
Required,Obligatorisk
Requirements,Krav
Requisition,Rekvisition
Reservation,Reservation
reserved,reserverad
reserve,reservera
Reserve,Reservera
resets,återställningar
resetting,återställer
Reset to draft,Återställ till utkast
reset,återställ
Reset,Återställ
residual,resterande
Resource Working Time,Resurs arbetstid
Responsible,Ansvarig
Responsible User,Ansvarig användare
Res,Res
Restaurant Floor,Restauranggolv
Restore,Återställ
résumé,meritförteckning
résumés,meritförteckningar
Resupply Subcontractor,återförsörjning underentreprenör
resupply,återförsörjning
Retailer,Detaljist
retained earnings,balanserad vinst eller förlust
Return Picking,Returplockning
Revenue,Intäkt
Revenues,Intäkter
reversal,omkastning
RFQ,Offertförfrågan
RFQs,Offertförfrågningar
ribbon,band
Ribbon,Band
ribbons,band
Ribbons,Band
Right,Rätt
Role,Roll
Roles,Roller
Rotate,Rotera
rounding,avrundning
Rounding,Avrundning
Rounding Method,Avrundningsmetod
round up,avrunda uppåt
route,rutt
routing,operationslista
Routing,Operationslista
Rows,Rader
rule,regel
rules,regler
Running Balance,Löpande balans
Run-Rate,Drifthastighet
SAF-T,SAF-T
salary attachment,lönebilaga
Salary Attachment,Lönebilaga
salary attachments,lönebilagor
Salary,Lön
salary package,lönepaket
salary packages,lönepaket
salary rule,löneregel
salary rules,löneregler
Sale Order Line,Kundorderrad
Sales,Försäljning
Sales personnel,Säljpersonal
Sales team,Säljstyrka/Säljteam
salvage,rädda
sanitized,sanerade
Satisfaction survey,Nöjdhetsundersökning
Saturday,lördag
saved,sparad
save,spara
Save,Spara
saves,sparar
saving,spara
scanned,skannad
scanner,scanner
scanners,scanners
scanning,skanning
scan,skanna
Scan,Skanna
scans,skanningar
scheduled,schemalagd
scheduler,schemahanterare
schedulers,schemahanterare
schedule,schema
Scheduling,Schemahantering
screen,skärm
scroll,rulla
SDD,SDD
search bar,sökfält
searched,Sökt
searches,sökningar
searches,Sökningar
searching,Söker
search,sök
Search,Sök
section,sektion
Securities,Värdepapper
Security Token,Säkerhetspolett
Select,Välj
sell timesheets,sälj tidsrapporter
send mail,skicka e-post
Send,Skicka
Send to sign,Skicka för signering
Sent,Skickad
SEPA Credit Transfer,SEPA kreditöverföring
SEPA Direct Debit,SEPA direktdebitering
SEPA,SEPA
September,september
sequence,sekvens
Sequence,Sekvens
serial number,serienummer
Serial Number,Serienummer
serial numbers,serienummer
serial,serie
server action,serveråtgärd
servers,servrar
servers,Servrar
Setting,Inställning
Settings,Inställningar
set-up,installation
set up,installera
sheet,blad
shipment,sändning
Shipper,Sändare
shipping connector,fraktkoppling
shipping connectors,fraktkopplingar
shipping cost,fraktkostnad
shipping,Frakt
shipping weight,fraktvikt
shop,affär
shopee,Shopee
Shopee,Shopee
shop floor,verkstadsgolvet
shortcode,kortkod
shortcut,genväg
shortcuts,genvägar
Short Name,Kortnamn
showbooth,monter
Signatory Data,Signaturuppgifter
Signature Certificate,Signaturcertifikat
Signature configuration,Signaturinställningar
Signature Field Type,Signaturfältstyp
Signature Hash,Signaturhash
signature request,begäran om underskrift
Signature request signers,Signaturförfrågans signatärer
signature,signatur
Signature,Signatur
Signatures,Signaturer
Sign document,Signera dokument
Signed Count,Antal signerade
Signed document,Signerat dokument
Signed on,Signerad den
Signed On,Signerad den
Signed,Signerad
Signed?,Signerad?
Signer Count,Antal undertecknare
Signer,Undertecknare
Signers,Undertecknare
Sign from template,Signera från mall
Sign in,Logga in
Sign now,Signera nu
Sign Now,Signera nu
Sign Oca,Signera Oca
Sign Oca Template Generate,Generera Signera Oca-mall
Sign Oca Template Generate Multi,Generera flera Signera Oca-mallar
Sign Oca Template Item,Signera Oca-mallobjekt
Sign Oca Template,Signera Oca-mall
Sign out,Logga ut
Sign Request,Signeringsförfrågan
Sign Requests,Signeringsförfrågningar
Sign Request Value,Signeringsförfrågans värde
Sign Role,Signeringsroll
Sign,Signatur
Simple and obvious,Enkelt och tydligt
Sitemap,Sidkarta
Skill,Kompetens
skill up,kompetenshöj
slide,bildspel
slider,reglage
Slides,Bilder
Closing date,Slutdatum
Smart-Card,Smartkort
sms,SMS
SMS,SMS
snail mail,snigelpost
snippet,utdrag
Social Networking,Socialt nätverkande
social,social
Sort By,Sortera efter
SO,SO
source document,källdokument
Source Document,Källdokument
Source Location,Källplats
Special effects,Specialeffekter
Special,Speciell
Speed,Hastighet
record,spela in
spouse,make
spreadsheet,Kalkylblad
spreadsheets,Kalkylblad
stacked,staplade
stage,etapp
stages,etapper
Stamp duty,Stämpelskatt
Standard Price,Standardpris
Stand-By Letter Of Credit,Standby kreditbrev
Starting,Startar
statements,påstående
Statement,påstående
state,stat
State,Stat
statistics,statistik
status,status
Stock,Lager
stock move,lagerrörelse
Stock Output Account,Lagerutgångskonto
stock quant,Lagerkvantitet
stocks,lager
stock valuation,lagervärdering
Stock Valuation,Lagervärdering
Storage capacities,Lagringskapacitet
storage,lagring
stream,ström
Stream,Ström
street2,gata 2
Studio,Studio
style,stil
subcontractors,underentreprenörer
Subcontractor,Underleverantör
Sub-field,Underfält
subformula,delformel
subscribed,prenumererade
subscribes,prenumererar
subscribing,prenumererar
subscriptions,prenumerationer
Subscriptions,Prenumerationer
subtitle,undertitel
Subtotal,Delsumma
sum,summa
Sunday,söndag
supplier,leverantör
Support multiple variants per products,Stöd för flera varianter per produkt
Surcharge,Tilläggsavgift
survey,undersökning
Survey,Undersökning
Susbscription,Prenumeration
suspense account,interimskonto
suspense,uppskov
switcher,växlare
synced,synkroniserad
synchronized,synkroniserad
synchronizes,synkroniserar
synchronize,synkronisera
synchronizing,synkroniserar
syncing,synkroniserar
sync,synkronisera
Tasks,Uppgifter
Task,Uppgift
Taxability Information Code,Skattepliktig informationskod
Taxability Information Codes,Skattepliktiga informationskoder
Tax Cash Basis,Kontantbaserad skatt
Tax Closing Entry,Skatteavslutningstransaktion
Tax ID,Skattenummer
Tax return,Deklaration
Technical name,Tekniskt namn
Template,Mall
Templates,mallar
Terms,Villkor
Text,Text
The survey,Undersökningen
This journal,Denna journal
Thousands Separator,tusentalsavskiljare
Thumbnail,Miniatyrbild
Thursday,torsdag
Ticket,Biljett
Tickets,Biljetter
Timesheets,Tidsrapporter
Timesheet,Tidsrapport
Time,Tid
Title,Rubrik
To Approve,Att godkänna
Today Activities,Dagens aktiviteter
To-do,att göra
Todo,Att göra
To Process,Att behandla
To sign,Att signera
To Sign,Att signera
Total Component Cost,Total komponentkostnad
Total Cost,Totalkostnad
Total Discount,Total rabatt
Total Margin,Total marginal
Total,Totala
TPM (total productive maintenance),TPM (total produktivt underhåll)
TPM (Total Productive Maintenance),TPM (Total produktivt underhåll)
Traceability,Spårbarhet
Tracking number,Spårningsnummer
Trainings,Utbildningar
Transfer,Överföra
Transient,Övergående
Trash,Soptunna
Trial Balance,råbalans
Trigger,utlösare
Trigger,Utlösare
TRUE,SANT
Tuesday,tisdag
Tutorial,Handledning
TUTORIALS,Handledningar
Twitter Wall,Twittervägg
Type,Typ
Unbuild Order,Unbuild Order
Undefined,Odefinierad
Unit of Measure Category,Måttenhetskategori
Unit Price,Pris per enhet
Unnamed,Namnlös
Unread,Oläst
Unreserve,Avreservera
Untaxed Amount,Skattefritt belopp
Untaxed,Skattefri
UoM,Måttenhet
Upsell,Uppförsäljning
URLs,URL:er
URL,URL
User: All Documents,Användare: Alla dokument
User,Användare
User: Own Documents Only,Användare: Endast egna dokument
Users %s has already signed the document,Användare %s har redan signerat dokumentet
Utils,Verktyg
Utillities,Verktyg
Verify & Send document,Verifiera och skicka dokument
Verify,Verifiera
Validation,Validering
Valuation Adjustments,Värderingsjusteringar
Valuation,Värdering
Variant,Variant
VAT number,Momsregistreringsnummer
VAT,Moms
Vendor bill,Leverantörsfaktura
Vendor,Leverantör
Vendor Reference,Leverantörsreferens
Vendor Taxes,Leverantörsskatter
Visibility Days,Synlighetsdagar
Visitor,Besökare
Voucher,Kupong
Waiting for me,Väntar på mig
Wait,Vänta
Warehouse Management,Lagerhantering
Wave Transfer,Vågöverföring
Website Builder,Hemsidesbyggare
Website,Hemsida
Wednesday,onsdag
Widget,Widget
Width,Bredd
WIP,arbete i process
Withholding Tax,Skatteavdrag
Wizard,Guide
Workcenter,Produktionsgrupp
Work Center,Produktionsgrupp
Workcenters,Produktionsgrupper
Work Entry,Arbetsinlägg
Workflow,Arbetsflöde
Work Order,Arbetsorder
Work Sheet,Arbetsblad
Write-off,Nedskrivning
Write-Off,Nedskrivning
Εmail,E-post
To Bill,Att fakturera
Dashboard,Anslagstavla
Project,Projekt
Field Services,Fältservice
Shopfloor,Butiksgolvet
PoS Order,PoS Beställning
HVAC,VVS
bill of material,materialförteckning
Excise,Avgift
Social Marketing,Social marknadsföring
Maintenance,Underhåll
Shop Floor,Butiksgolv
Guest house,Gästhus
city tax,kommunala skatter
Sale Order,Order
Sale Order Line,Kundorderrad
Fleet,Fordon
debit,debitering
credit,kredit
Fiscal positions,Skattepositioner
picking,plockning
Snippet,Utdrag
Point of Sale,Kassasystem
Quote Builder,Offertbyggare
Gift cards,Presentkort
coupons,rabattkuponger
Sales Order,Försäljningsorder
FAQ,Vanliga frågor och svar
Unleash your growth potential,Släpp fram din utvecklingspotential
All your business on one platform,Hela din verksamhet på en plattform
SEO,Sökmotoroptimering (SEO)
Any device,Valfri enhet
Filter by,Filtrera efter
Delivery method configurator,Leveranskalkylator
We're here to help you grow,Vi hjälper dig att växa
Technical skills,Tekniska förkunskaper
Matching your search criteria,Matchar dina söktermer
Maintain stock levels,Bibehålla önskade lagernivåer
Be notified,Bli meddelad
Lead management,Hantering av leads
Nurture leads,Utveckla leads
Lead scoring,Värdering av leads
Generate qualified leads,Skapa kvalificerade leads
Convert lead(s),Omvandla spår
Blanket order,Ramavtal
Purchase agreement,Köpeavtal
Expense report,Utgiftsrapport
Delivery order,Leveransorder
Shipping label,Fraktetikett
Sales metrics,Försäljningsstatistik
Quotation request,Offertförfrågan
Upsell,Sälj mer/Sälj fler produkter
Upselling,Merförsäljning
Order,Beställning
Sales force,Säljstyrka
Request for quotation (RFQ),Offertförfrågan
Customer churn,Kundomsättning
LTV (Lifetime Value),Livstidsvärde
Prospect,Potentiell kund
Payment method,Betalningsmetod
Payment terms,Betalningsvillkor
Payment terminal,Betalterminal
Online payment,Betalning online
Electronic payment,Elektronisk betalning
Commission,Provision
Commission plan,Provisionsplan
Service level agreement (SLA),Servicenivåavtal
Commission rate,Provisionsarvode
Close a deal,Avsluta en affär
Close deals,Avsluta affärer
Website visitor,Hemsidesbesökare
Pickup,Avhämtning
Dropoff,Avlämning
Editor,Redigerare
Editing,Redigering
Tags,Taggar/Etiketter
Ticket,Ärende
Helpdesk,Kundtjänst
Support,Kundtjänst
Address,Adress
Notifications,Notifikationer
Notifications,Notiser
Notifications,Aviseringar
Website design,Webbdesign
Web design,Webbdesign
In total,Totalt
Intuitive,Intuitiv
User friendly,Användarvänlig
API,Programmeringsgränssnitt
Email address,E-postadress
Fleet,Företagsfordon
Make to stock,Lagerstyrt
SLA,Servicenivåavtal
